{
  "sexyTopoVersionName": "1.7.0",
  "sexyTopoVersionCode": 72,
  "name": "Pell 2",
  "stations": [
    {
      "name": "1",
      "eeDirection": "right",
      "comment": "",
      "legs": [
        {
          "distance": 2.070333242416382,
          "azimuth": 142.1282958984375,
          "inclination": -3.8690185546875,
          "destination": "2",
          "wasShotBackwards": false,
          "index": 0,
          "promotedFrom": [
            {
              "distance": 2.071000099182129,
              "azimuth": 142.2015380859375,
              "inclination": -3.8067626953125,
              "destination": "-",
              "wasShotBackwards": false,
              "promotedFrom": []
            },
            {
              "distance": 2.069999933242798,
              "azimuth": 142.119140625,
              "inclination": -3.8726806640625,
              "destination": "-",
              "wasShotBackwards": false,
              "promotedFrom": []
            },
            {
              "distance": 2.069999933242798,
              "azimuth": 142.064208984375,
              "inclination": -3.9276123046875,
              "destination": "-",
              "wasShotBackwards": false,
              "promotedFrom": []
            }
          ]
        }
      ]
    },
    {
      "name": "2",
      "eeDirection": "right",
      "comment": "",
      "legs": [
        {
          "distance": 0.6740000247955322,
          "azimuth": 218.2159423828125,
          "inclination": 43.30810546875,
          "destination": "-",
          "wasShotBackwards": false,
          "index": 1,
          "promotedFrom": []
        },
        {
          "distance": 0.9309999942779541,
          "azimuth": 243.2757568359375,
          "inclination": 9.4537353515625,
          "destination": "-",
          "wasShotBackwards": false,
          "index": 2,
          "promotedFrom": []
        },
        {
          "distance": 0.5809999704360962,
          "azimuth": 235.6622314453125,
          "inclination": -26.3671875,
          "destination": "-",
          "wasShotBackwards": false,
          "index": 3,
          "promotedFrom": []
        },
        {
          "distance": 0.1889999955892563,
          "azimuth": 96.7730712890625,
          "inclination": 29.190673828125,
          "destination": "-",
          "wasShotBackwards": false,
          "index": 4,
          "promotedFrom": []
        }
      ]
    }
  ]
}