{
  "sexyTopoVersionName": "1.7.0",
  "sexyTopoVersionCode": 72,
  "name": "Pell 2",
  "stations": [
    {
      "name": "1",
      "eeDirection": "right",
      "comment": "",
      "legs": [
        {
          "distance": 2.071000099182129,
          "azimuth": 142.2015380859375,
          "inclination": -3.8067626953125,
          "destination": "-",
          "wasShotBackwards": false,
          "index": 0,
          "promotedFrom": []
        },
        {
          "distance": 2.069999933242798,
          "azimuth": 142.119140625,
          "inclination": -3.8726806640625,
          "destination": "-",
          "wasShotBackwards": false,
          "index": 1,
          "promotedFrom": []
        }
      ]
    }
  ]
}