{
  "paths": [
    {
      "colour": "GREY",
      "points": [
        {
          "x": -3.644771099090576,
          "y": 4.408966064453125
        },
        {
          "x": -3.8540918827056885,
          "y": 4.327470779418945
        },
        {
          "x": -3.8614377975463867,
          "y": 4.292299270629883
        }
      ]
    },
    {
      "colour": "GREY",
      "points": [
        {
          "x": 1.5885624885559082,
          "y": 1.0756330490112305
        },
        {
          "x": 1.5635628700256348,
          "y": 1.0756330490112305
        },
        {
          "x": 1.5552287101745605,
          "y": 1.050633430480957
        },
        {
          "x": 1.538562297821045,
          "y": 1.0422992706298828
        },
        {
          "x": 1.5135626792907715,
          "y": 1.0172996520996094
        }
      ]
    },
    {
      "colour": "ORANGE",
      "points": [
        {
          "x": 1.5993300676345825,
          "y": 1.6178126335144043
        },
        {
          "x": 1.5993300676345825,
          "y": 1.6681357622146606
        },
        {
          "x": 1.6322129964828491,
          "y": 1.7672326564788818
        },
        {
          "x": 1.6873332262039185,
          "y": 1.8855743408203125
        },
        {
          "x": 1.7050254344940186,
          "y": 1.9114110469818115
        },
        {
          "x": 1.7637451887130737,
          "y": 2.035165309906006
        },
        {
          "x": 1.7727768421173096,
          "y": 2.0452919006347656
        },
        {
          "x": 1.7879496812820435,
          "y": 2.092984437942505
        },
        {
          "x": 1.8295111656188965,
          "y": 2.180478811264038
        },
        {
          "x": 1.8999747037887573,
          "y": 2.29750394821167
        },
        {
          "x": 1.923350214958191,
          "y": 2.3458242416381836
        },
        {
          "x": 2.031583309173584,
          "y": 2.599682331085205
        },
        {
          "x": 2.1661763191223145,
          "y": 3.0850324630737305
        },
        {
          "x": 2.1818294525146484,
          "y": 3.1301655769348145
        },
        {
          "x": 2.2382001876831055,
          "y": 3.247870922088623
        }
      ]
    },
    {
      "colour": "ORANGE",
      "points": [
        {
          "x": 2.2335023880004883,
          "y": 3.243173360824585
        },
        {
          "x": 2.335242748260498,
          "y": 3.4023146629333496
        },
        {
          "x": 2.4145026206970215,
          "y": 3.5065245628356934
        },
        {
          "x": 2.649326801300049,
          "y": 3.738856554031372
        },
        {
          "x": 2.790278911590576,
          "y": 3.849160671234131
        },
        {
          "x": 2.935441017150879,
          "y": 3.9404141902923584
        },
        {
          "x": 3.126854419708252,
          "y": 4.03981876373291
        },
        {
          "x": 3.2459616661071777,
          "y": 4.128798484802246
        },
        {
          "x": 3.2867918014526367,
          "y": 4.177990913391113
        },
        {
          "x": 3.3609204292297363,
          "y": 4.303316593170166
        },
        {
          "x": 3.513591766357422,
          "y": 4.52561092376709
        },
        {
          "x": 3.612240791320801,
          "y": 4.722909927368164
        },
        {
          "x": 3.6286821365356445,
          "y": 4.774582862854004
        },
        {
          "x": 3.642775058746338,
          "y": 4.787331581115723
        },
        {
          "x": 3.7320289611816406,
          "y": 5.084181785583496
        },
        {
          "x": 3.8469138145446777,
          "y": 5.408343315124512
        },
        {
          "x": 4.009185791015625,
          "y": 5.968268394470215
        },
        {
          "x": 4.070254325866699,
          "y": 6.271636962890625
        },
        {
          "x": 4.074951648712158,
          "y": 6.357665061950684
        }
      ]
    },
    {
      "colour": "ORANGE",
      "points": [
        {
          "x": 3.966907501220703,
          "y": 6.108694076538086
        },
        {
          "x": 4.0373711585998535,
          "y": 6.259804725646973
        },
        {
          "x": 4.04676628112793,
          "y": 6.293464660644531
        },
        {
          "x": 4.11722993850708,
          "y": 6.478144645690918
        },
        {
          "x": 4.131322860717773,
          "y": 6.500833511352539
        },
        {
          "x": 4.14071798324585,
          "y": 6.525284767150879
        },
        {
          "x": 4.149179935455322,
          "y": 6.535240173339844
        },
        {
          "x": 4.150113105773926,
          "y": 6.545280456542969
        },
        {
          "x": 4.159524440765381,
          "y": 6.55497932434082
        },
        {
          "x": 4.1912946701049805,
          "y": 6.616032600402832
        },
        {
          "x": 4.197088718414307,
          "y": 6.634662628173828
        },
        {
          "x": 4.212284564971924,
          "y": 6.6594133377075195
        },
        {
          "x": 4.224747657775879,
          "y": 6.672403335571289
        },
        {
          "x": 4.225274085998535,
          "y": 6.883793830871582
        },
        {
          "x": 4.220576763153076,
          "y": 6.895537376403809
        },
        {
          "x": 4.211181640625,
          "y": 6.897886276245117
        },
        {
          "x": 4.206483840942383,
          "y": 6.9166765213012695
        },
        {
          "x": 4.201786518096924,
          "y": 6.9166765213012695
        },
        {
          "x": 4.194597244262695,
          "y": 6.930769920349121
        },
        {
          "x": 4.190042495727539,
          "y": 6.930769920349121
        },
        {
          "x": 4.1876935958862305,
          "y": 6.942148208618164
        },
        {
          "x": 4.175949573516846,
          "y": 6.944862365722656
        },
        {
          "x": 4.1716814041137695,
          "y": 6.954257965087891
        },
        {
          "x": 4.1665544509887695,
          "y": 6.954257965087891
        },
        {
          "x": 4.168903350830078,
          "y": 6.963652610778809
        },
        {
          "x": 4.1618571281433105,
          "y": 6.968350410461426
        },
        {
          "x": 4.131322860717773,
          "y": 7.019534111022949
        },
        {
          "x": 4.122335910797119,
          "y": 7.024721145629883
        },
        {
          "x": 4.090677261352539,
          "y": 7.070064544677734
        },
        {
          "x": 4.089044570922852,
          "y": 7.082843780517578
        },
        {
          "x": 4.079649448394775,
          "y": 7.102876663208008
        },
        {
          "x": 4.079649448394775,
          "y": 7.177066802978516
        },
        {
          "x": 4.101761817932129,
          "y": 7.220643997192383
        },
        {
          "x": 4.111455917358398,
          "y": 7.230337142944336
        },
        {
          "x": 4.126625061035156,
          "y": 7.259537696838379
        },
        {
          "x": 4.138829708099365,
          "y": 7.273693084716797
        },
        {
          "x": 4.14071798324585,
          "y": 7.290097236633301
        }
      ]
    },
    {
      "colour": "ORANGE",
      "points": [
        {
          "x": 0.42493635416030884,
          "y": 2.068779945373535
        },
        {
          "x": 0.5555223822593689,
          "y": 2.3750357627868652
        },
        {
          "x": 0.6317914128303528,
          "y": 2.5105674266815186
        },
        {
          "x": 0.9309108257293701,
          "y": 3.001551628112793
        },
        {
          "x": 1.3127779960632324,
          "y": 3.5461671352386475
        }
      ]
    },
    {
      "colour": "ORANGE",
      "points": [
        {
          "x": 1.2047337293624878,
          "y": 3.454564332962036
        },
        {
          "x": 1.3354204893112183,
          "y": 3.6369245052337646
        },
        {
          "x": 1.4428044557571411,
          "y": 3.824167251586914
        },
        {
          "x": 1.4772448539733887,
          "y": 3.853858232498169
        },
        {
          "x": 1.5288664102554321,
          "y": 3.9362926483154297
        },
        {
          "x": 1.5476566553115845,
          "y": 4.046831130981445
        },
        {
          "x": 1.6077730655670166,
          "y": 4.1873860359191895
        },
        {
          "x": 1.627515435218811,
          "y": 4.321267127990723
        },
        {
          "x": 1.622817873954773,
          "y": 4.488132476806641
        },
        {
          "x": 1.5705522298812866,
          "y": 4.600772857666016
        },
        {
          "x": 1.4106560945510864,
          "y": 4.746782302856445
        },
        {
          "x": 1.1978360414505005,
          "y": 4.8779296875
        },
        {
          "x": 1.1483628749847412,
          "y": 4.955801010131836
        },
        {
          "x": 1.1436653137207031,
          "y": 5.124882698059082
        },
        {
          "x": 1.2047337293624878,
          "y": 5.295422554016113
        },
        {
          "x": 1.2732913494110107,
          "y": 5.388058662414551
        },
        {
          "x": 1.3712958097457886,
          "y": 5.451033592224121
        },
        {
          "x": 1.40095853805542,
          "y": 5.483916282653809
        },
        {
          "x": 1.6794750690460205,
          "y": 5.892891883850098
        },
        {
          "x": 2.105563163757324,
          "y": 6.468196868896484
        },
        {
          "x": 2.2394347190856934,
          "y": 6.679570198059082
        },
        {
          "x": 2.5388450622558594,
          "y": 7.2354631423950195
        },
        {
          "x": 2.6319546699523926,
          "y": 7.370657920837402
        },
        {
          "x": 2.7192516326904297,
          "y": 7.468192100524902
        },
        {
          "x": 2.8126797676086426,
          "y": 7.547527313232422
        },
        {
          "x": 2.8694896697998047,
          "y": 7.579034805297852
        },
        {
          "x": 2.9874634742736816,
          "y": 7.583732604980469
        },
        {
          "x": 3.064267635345459,
          "y": 7.607220649719238
        },
        {
          "x": 3.1894350051879883,
          "y": 7.607220649719238
        },
        {
          "x": 3.2105979919433594,
          "y": 7.6119184494018555
        },
        {
          "x": 3.2059006690979004,
          "y": 7.6231889724731445
        }
      ]
    }
  ],
  "labels": [],
  "symbols": [],
  "x-sections": []
}