{
  "paths": [
    {
      "colour": "GREY",
      "points": [
        {
          "x": -3.644771099090576,
          "y": 4.408966064453125
        },
        {
          "x": -3.8540918827056885,
          "y": 4.327470779418945
        },
        {
          "x": -3.8614377975463867,
          "y": 4.292299270629883
        }
      ]
    },
    {
      "colour": "GREY",
      "points": [
        {
          "x": 1.5885624885559082,
          "y": 1.0756330490112305
        },
        {
          "x": 1.5635628700256348,
          "y": 1.0756330490112305
        },
        {
          "x": 1.5552287101745605,
          "y": 1.050633430480957
        },
        {
          "x": 1.538562297821045,
          "y": 1.0422992706298828
        },
        {
          "x": 1.5135626792907715,
          "y": 1.0172996520996094
        }
      ]
    },
    {
      "colour": "ORANGE",
      "points": [
        {
          "x": 1.5993300676345825,
          "y": 1.6178126335144043
        },
        {
          "x": 1.5993300676345825,
          "y": 1.6681357622146606
        },
        {
          "x": 1.6322129964828491,
          "y": 1.7672326564788818
        },
        {
          "x": 1.6873332262039185,
          "y": 1.8855743408203125
        },
        {
          "x": 1.7050254344940186,
          "y": 1.9114110469818115
        },
        {
          "x": 1.7637451887130737,
          "y": 2.035165309906006
        },
        {
          "x": 1.7727768421173096,
          "y": 2.0452919006347656
        },
        {
          "x": 1.7879496812820435,
          "y": 2.092984437942505
        },
        {
          "x": 1.8295111656188965,
          "y": 2.180478811264038
        },
        {
          "x": 1.8999747037887573,
          "y": 2.29750394821167
        },
        {
          "x": 1.923350214958191,
          "y": 2.3458242416381836
        },
        {
          "x": 2.031583309173584,
          "y": 2.599682331085205
        },
        {
          "x": 2.1661763191223145,
          "y": 3.0850324630737305
        },
        {
          "x": 2.1818294525146484,
          "y": 3.1301655769348145
        },
        {
          "x": 2.2382001876831055,
          "y": 3.247870922088623
        }
      ]
    }
  ],
  "labels": [],
  "symbols": [],
  "x-sections": []
}