{
  "paths": [
    {
      "colour": "GREY",
      "points": [
        {
          "x": 1.5885624885559082,
          "y": 1.0756330490112305
        },
        {
          "x": 1.5635628700256348,
          "y": 1.0756330490112305
        },
        {
          "x": 1.5552287101745605,
          "y": 1.050633430480957
        },
        {
          "x": 1.538562297821045,
          "y": 1.0422992706298828
        },
        {
          "x": 1.5135626792907715,
          "y": 1.0172996520996094
        }
      ]
    },
    {
      "colour": "GREY",
      "points": [
        {
          "x": -3.644771099090576,
          "y": 4.408966064453125
        },
        {
          "x": -3.8540918827056885,
          "y": 4.327470779418945
        },
        {
          "x": -3.8614377975463867,
          "y": 4.292299270629883
        }
      ]
    },
    {
      "colour": "ORANGE",
      "points": [
        {
          "x": 0.3885622024536133,
          "y": 8.858966827392578
        },
        {
          "x": 0.48856258392333984,
          "y": 8.89229965209961
        }
      ]
    }
  ],
  "labels": [],
  "symbols": [],
  "x-sections": []
}