{
  "sexyTopoVersionName": "1.7.0",
  "sexyTopoVersionCode": 72,
  "name": "Pell 2",
  "stations": [
    {
      "name": "1",
      "eeDirection": "right",
      "comment": "",
      "legs": [
        {
          "distance": 2.070333242416382,
          "azimuth": 142.1282958984375,
          "inclination": -3.8690185546875,
          "destination": "2",
          "wasShotBackwards": false,
          "index": 0,
          "promotedFrom": [
            {
              "distance": 2.071000099182129,
              "azimuth": 142.2015380859375,
              "inclination": -3.8067626953125,
              "destination": "-",
              "wasShotBackwards": false,
              "promotedFrom": []
            },
            {
              "distance": 2.069999933242798,
              "azimuth": 142.119140625,
              "inclination": -3.8726806640625,
              "destination": "-",
              "wasShotBackwards": false,
              "promotedFrom": []
            },
            {
              "distance": 2.069999933242798,
              "azimuth": 142.064208984375,
              "inclination": -3.9276123046875,
              "destination": "-",
              "wasShotBackwards": false,
              "promotedFrom": []
            }
          ]
        }
      ]
    },
    {
      "name": "2",
      "eeDirection": "right",
      "comment": "",
      "legs": [
        {
          "distance": 0.6740000247955322,
          "azimuth": 218.2159423828125,
          "inclination": 43.30810546875,
          "destination": "-",
          "wasShotBackwards": false,
          "index": 1,
          "promotedFrom": []
        },
        {
          "distance": 0.9309999942779541,
          "azimuth": 243.2757568359375,
          "inclination": 9.4537353515625,
          "destination": "-",
          "wasShotBackwards": false,
          "index": 2,
          "promotedFrom": []
        },
        {
          "distance": 0.5809999704360962,
          "azimuth": 235.6622314453125,
          "inclination": -26.3671875,
          "destination": "-",
          "wasShotBackwards": false,
          "index": 3,
          "promotedFrom": []
        },
        {
          "distance": 0.1889999955892563,
          "azimuth": 96.7730712890625,
          "inclination": 29.190673828125,
          "destination": "-",
          "wasShotBackwards": false,
          "index": 4,
          "promotedFrom": []
        },
        {
          "distance": 1.6703333854675293,
          "azimuth": 151.56005859375,
          "inclination": 8.2928466796875,
          "destination": "3",
          "wasShotBackwards": false,
          "index": 5,
          "promotedFrom": [
            {
              "distance": 1.6710000038146973,
              "azimuth": 151.4849853515625,
              "inclination": 8.2122802734375,
              "destination": "-",
              "wasShotBackwards": false,
              "promotedFrom": []
            },
            {
              "distance": 1.6710000038146973,
              "azimuth": 151.6278076171875,
              "inclination": 8.28369140625,
              "destination": "-",
              "wasShotBackwards": false,
              "promotedFrom": []
            },
            {
              "distance": 1.6690000295639038,
              "azimuth": 151.5673828125,
              "inclination": 8.382568359375,
              "destination": "-",
              "wasShotBackwards": false,
              "promotedFrom": []
            }
          ]
        }
      ]
    },
    {
      "name": "3",
      "eeDirection": "right",
      "comment": "",
      "legs": [
        {
          "distance": 0.49799999594688416,
          "azimuth": 226.5985107421875,
          "inclination": 55.711669921875,
          "destination": "-",
          "wasShotBackwards": false,
          "index": 6,
          "promotedFrom": []
        },
        {
          "distance": 0.7960000038146973,
          "azimuth": 240.5072021484375,
          "inclination": -0.52734375,
          "destination": "-",
          "wasShotBackwards": false,
          "index": 7,
          "promotedFrom": []
        },
        {
          "distance": 0.9649999737739563,
          "azimuth": 214.222412109375,
          "inclination": -75.245361328125,
          "destination": "-",
          "wasShotBackwards": false,
          "index": 8,
          "promotedFrom": []
        },
        {
          "distance": 4.0233330726623535,
          "azimuth": 149.249267578125,
          "inclination": 2.9150390625,
          "destination": "4",
          "wasShotBackwards": false,
          "index": 9,
          "promotedFrom": [
            {
              "distance": 4.014999866485596,
              "azimuth": 149.21630859375,
              "inclination": 2.9827880859375,
              "destination": "-",
              "wasShotBackwards": false,
              "promotedFrom": []
            },
            {
              "distance": 4.035999774932861,
              "azimuth": 149.249267578125,
              "inclination": 2.889404296875,
              "destination": "-",
              "wasShotBackwards": false,
              "promotedFrom": []
            },
            {
              "distance": 4.019000053405762,
              "azimuth": 149.2822265625,
              "inclination": 2.8729248046875,
              "destination": "-",
              "wasShotBackwards": false,
              "promotedFrom": []
            }
          ]
        }
      ]
    },
    {
      "name": "4",
      "eeDirection": "right",
      "comment": "",
      "legs": [
        {
          "distance": 1.7280000448226929,
          "azimuth": 226.263427734375,
          "inclination": -19.259033203125,
          "destination": "-",
          "wasShotBackwards": false,
          "index": 10,
          "promotedFrom": []
        },
        {
          "distance": 3.4509999752044678,
          "azimuth": 297.7569580078125,
          "inclination": -13.4912109375,
          "destination": "-",
          "wasShotBackwards": false,
          "index": 11,
          "promotedFrom": []
        },
        {
          "distance": 2.686000108718872,
          "azimuth": 337.8680419921875,
          "inclination": -0.1373291015625,
          "destination": "-",
          "wasShotBackwards": false,
          "index": 12,
          "promotedFrom": []
        },
        {
          "distance": 1.5859999656677246,
          "azimuth": 292.9998779296875,
          "inclination": -86.0009765625,
          "destination": "-",
          "wasShotBackwards": false,
          "index": 13,
          "promotedFrom": []
        },
        {
          "distance": 0.4020000100135803,
          "azimuth": 294.5159912109375,
          "inclination": 65.302734375,
          "destination": "-",
          "wasShotBackwards": false,
          "index": 14,
          "promotedFrom": []
        },
        {
          "distance": 1.7643333673477173,
          "azimuth": 185.635986328125,
          "inclination": -19.12353515625,
          "destination": "5",
          "wasShotBackwards": false,
          "index": 15,
          "promotedFrom": [
            {
              "distance": 1.7640000581741333,
              "azimuth": 185.5645751953125,
              "inclination": -19.1217041015625,
              "destination": "-",
              "wasShotBackwards": false,
              "promotedFrom": []
            },
            {
              "distance": 1.7640000581741333,
              "azimuth": 185.69091796875,
              "inclination": -19.0887451171875,
              "destination": "-",
              "wasShotBackwards": false,
              "promotedFrom": []
            },
            {
              "distance": 1.7649999856948853,
              "azimuth": 185.6524658203125,
              "inclination": -19.16015625,
              "destination": "-",
              "wasShotBackwards": false,
              "promotedFrom": []
            }
          ]
        }
      ]
    },
    {
      "name": "5",
      "eeDirection": "right",
      "comment": "",
      "legs": [
        {
          "distance": 0.8970000147819519,
          "azimuth": 60.260009765625,
          "inclination": -2.7960205078125,
          "destination": "-",
          "wasShotBackwards": false,
          "index": 16,
          "promotedFrom": []
        }
      ]
    }
  ]
}