{
  "paths": [
    {
      "colour": "BLACK",
      "points": [
        {
          "x": 83.81362915039062,
          "y": -0.9165258407592773
        },
        {
          "x": 83.88841247558594,
          "y": -0.9490938186645508
        },
        {
          "x": 83.94776916503906,
          "y": -1.020751953125
        },
        {
          "x": 84.03050231933594,
          "y": -1.1683030128479004
        },
        {
          "x": 84.0569076538086,
          "y": -1.238558292388916
        },
        {
          "x": 84.16976928710938,
          "y": -1.413351058959961
        },
        {
          "x": 84.2867202758789,
          "y": -1.645838737487793
        },
        {
          "x": 84.5025405883789,
          "y": -2.1905508041381836
        },
        {
          "x": 84.59136962890625,
          "y": -2.3824877738952637
        },
        {
          "x": 84.66543579101562,
          "y": -2.516167163848877
        },
        {
          "x": 84.87262725830078,
          "y": -3.00461483001709
        },
        {
          "x": 85.07601165771484,
          "y": -3.638747215270996
        },
        {
          "x": 85.13504791259766,
          "y": -3.8360610008239746
        },
        {
          "x": 85.13729095458984,
          "y": -3.8805789947509766
        }
      ]
    },
    {
      "colour": "BLACK",
      "points": [
        {
          "x": 85.48404693603516,
          "y": -1.947709083557129
        },
        {
          "x": 85.44343566894531,
          "y": -1.8779830932617188
        },
        {
          "x": 85.37802124023438,
          "y": -1.7100529670715332
        },
        {
          "x": 85.0704574584961,
          "y": -1.0389690399169922
        },
        {
          "x": 85.04174041748047,
          "y": -0.9375157356262207
        },
        {
          "x": 84.83781433105469,
          "y": -0.4570741653442383
        },
        {
          "x": 84.66036987304688,
          "y": 0.01558065414428711
        },
        {
          "x": 84.44733428955078,
          "y": 0.48459815979003906
        },
        {
          "x": 84.27411651611328,
          "y": 0.918097972869873
        },
        {
          "x": 84.1226577758789,
          "y": 1.3376946449279785
        },
        {
          "x": 84.1226577758789,
          "y": 1.3930230140686035
        },
        {
          "x": 84.15425109863281,
          "y": 1.5246949195861816
        },
        {
          "x": 84.139892578125,
          "y": 1.5907540321350098
        }
      ]
    },
    {
      "colour": "BLACK",
      "points": [
        {
          "x": 83.46206665039062,
          "y": 2.578766345977783
        },
        {
          "x": 83.39034271240234,
          "y": 2.0363192558288574
        },
        {
          "x": 83.37016296386719,
          "y": 1.9278855323791504
        },
        {
          "x": 83.35867309570312,
          "y": 1.8904385566711426
        },
        {
          "x": 83.35005187988281,
          "y": 1.8750948905944824
        },
        {
          "x": 83.34718322753906,
          "y": 1.877967357635498
        },
        {
          "x": 83.33184051513672,
          "y": 1.866478443145752
        },
        {
          "x": 83.26046752929688,
          "y": 1.83201265335083
        },
        {
          "x": 83.24285888671875,
          "y": 1.8262686729431152
        },
        {
          "x": 83.2180404663086,
          "y": 1.8262686729431152
        },
        {
          "x": 83.21009063720703,
          "y": 1.8205246925354004
        },
        {
          "x": 83.20357513427734,
          "y": 1.8205246925354004
        },
        {
          "x": 83.18634033203125,
          "y": 1.8262686729431152
        }
      ]
    },
    {
      "colour": "BLACK",
      "points": [
        {
          "x": 83.27127838134766,
          "y": 1.8377571105957031
        },
        {
          "x": 83.19639587402344,
          "y": 1.854990005493164
        },
        {
          "x": 83.06202697753906,
          "y": 1.8757100105285645
        },
        {
          "x": 82.98521423339844,
          "y": 1.8975005149841309
        },
        {
          "x": 82.9245834350586,
          "y": 1.9181766510009766
        },
        {
          "x": 82.86900329589844,
          "y": 1.9411540031433105
        },
        {
          "x": 82.86056518554688,
          "y": 1.9468979835510254
        },
        {
          "x": 82.8519515991211,
          "y": 1.971705436706543
        },
        {
          "x": 82.85481262207031,
          "y": 2.0617599487304688
        },
        {
          "x": 82.87252807617188,
          "y": 2.1325936317443848
        },
        {
          "x": 82.88641357421875,
          "y": 2.200357437133789
        },
        {
          "x": 82.89790344238281,
          "y": 2.273362636566162
        },
        {
          "x": 82.89790344238281,
          "y": 2.348996639251709
        },
        {
          "x": 82.89159393310547,
          "y": 2.4141602516174316
        },
        {
          "x": 82.88066864013672,
          "y": 2.452393054962158
        }
      ]
    },
    {
      "colour": "BLACK",
      "points": [
        {
          "x": 82.87492370605469,
          "y": 2.3087868690490723
        },
        {
          "x": 82.7367172241211,
          "y": 2.267289638519287
        },
        {
          "x": 82.65033721923828,
          "y": 2.246894359588623
        },
        {
          "x": 82.57825469970703,
          "y": 2.2232985496520996
        },
        {
          "x": 82.51297760009766,
          "y": 2.216862678527832
        },
        {
          "x": 82.4498519897461,
          "y": 2.2168784141540527
        },
        {
          "x": 82.41654205322266,
          "y": 2.3145041465759277
        },
        {
          "x": 82.33515930175781,
          "y": 2.4921298027038574
        },
        {
          "x": 82.28089141845703,
          "y": 2.569653034210205
        },
        {
          "x": 82.22240447998047,
          "y": 2.632744312286377
        },
        {
          "x": 82.17774963378906,
          "y": 2.6706748008728027
        },
        {
          "x": 82.15983581542969,
          "y": 2.682163715362549
        },
        {
          "x": 82.15115356445312,
          "y": 2.691235065460205
        },
        {
          "x": 82.15115356445312,
          "y": 2.696524143218994
        }
      ]
    },
    {
      "colour": "BLACK",
      "points": [
        {
          "x": 82.35794067382812,
          "y": 2.601743221282959
        },
        {
          "x": 82.28732299804688,
          "y": 2.586961269378662
        },
        {
          "x": 82.21422576904297,
          "y": 2.5691561698913574
        },
        {
          "x": 82.10594177246094,
          "y": 2.538928508758545
        },
        {
          "x": 82.08216857910156,
          "y": 2.5385565757751465
        },
        {
          "x": 82.05867767333984,
          "y": 2.5328125953674316
        },
        {
          "x": 82.04200744628906,
          "y": 2.5328125953674316
        },
        {
          "x": 82.01942443847656,
          "y": 2.5668883323669434
        },
        {
          "x": 81.94776153564453,
          "y": 2.689077854156494
        },
        {
          "x": 81.93104553222656,
          "y": 2.7069602012634277
        },
        {
          "x": 81.87401580810547,
          "y": 2.7883849143981934
        },
        {
          "x": 81.83521270751953,
          "y": 2.8372578620910645
        }
      ]
    },
    {
      "colour": "BLACK",
      "points": [
        {
          "x": 81.04251098632812,
          "y": 2.6074881553649902
        },
        {
          "x": 81.05428314208984,
          "y": 2.607391834259033
        },
        {
          "x": 81.10224151611328,
          "y": 2.595999240875244
        },
        {
          "x": 81.1883544921875,
          "y": 2.5845112800598145
        },
        {
          "x": 81.2205810546875,
          "y": 2.5845112800598145
        },
        {
          "x": 81.23080444335938,
          "y": 2.5947346687316895
        },
        {
          "x": 81.24356079101562,
          "y": 2.6459946632385254
        },
        {
          "x": 81.24929809570312,
          "y": 2.7112669944763184
        },
        {
          "x": 81.25008392333984,
          "y": 2.7764172554016113
        },
        {
          "x": 81.25504302978516,
          "y": 2.8242506980895996
        },
        {
          "x": 81.25504302978516,
          "y": 2.906189441680908
        }
      ]
    },
    {
      "colour": "BLACK",
      "points": [
        {
          "x": 81.31248474121094,
          "y": 2.9693760871887207
        },
        {
          "x": 81.36634063720703,
          "y": 2.95286226272583
        },
        {
          "x": 81.42189025878906,
          "y": 2.94065523147583
        },
        {
          "x": 81.45092010498047,
          "y": 2.940368175506592
        },
        {
          "x": 81.48126220703125,
          "y": 2.934910297393799
        },
        {
          "x": 81.53054809570312,
          "y": 2.9367518424987793
        },
        {
          "x": 81.59343719482422,
          "y": 2.949141025543213
        },
        {
          "x": 81.65914916992188,
          "y": 2.9761242866516113
        },
        {
          "x": 81.77970123291016,
          "y": 3.0427803993225098
        },
        {
          "x": 81.88691711425781,
          "y": 3.095750331878662
        }
      ]
    },
    {
      "colour": "BLACK",
      "points": [
        {
          "x": 81.72607421875,
          "y": 3.078517436981201
        },
        {
          "x": 81.73797607421875,
          "y": 3.072356700897217
        },
        {
          "x": 81.75242614746094,
          "y": 3.057910442352295
        },
        {
          "x": 81.76788330078125,
          "y": 3.049795627593994
        },
        {
          "x": 81.79761505126953,
          "y": 3.029956340789795
        },
        {
          "x": 81.82697296142578,
          "y": 3.0210747718811035
        },
        {
          "x": 81.86968231201172,
          "y": 3.0038418769836426
        }
      ]
    },
    {
      "colour": "BLACK",
      "points": [
        {
          "x": 83.4378662109375,
          "y": 2.0675277709960938
        },
        {
          "x": 83.46674346923828,
          "y": 2.0676817893981934
        },
        {
          "x": 83.49697875976562,
          "y": 2.0769805908203125
        },
        {
          "x": 83.51947784423828,
          "y": 2.0802083015441895
        },
        {
          "x": 83.5343017578125,
          "y": 2.0847601890563965
        },
        {
          "x": 83.545166015625,
          "y": 2.0847601890563965
        },
        {
          "x": 83.55802917480469,
          "y": 2.0900402069091797
        },
        {
          "x": 83.56707000732422,
          "y": 2.0962486267089844
        },
        {
          "x": 83.5865478515625,
          "y": 2.1013236045837402
        },
        {
          "x": 83.60511016845703,
          "y": 2.1198863983154297
        },
        {
          "x": 83.62290954589844,
          "y": 2.1434292793273926
        },
        {
          "x": 83.65013885498047,
          "y": 2.1906323432922363
        },
        {
          "x": 83.6618881225586,
          "y": 2.2168784141540527
        }
      ]
    },
    {
      "colour": "BLACK",
      "points": [
        {
          "x": 84.23057556152344,
          "y": 1.4471473693847656
        },
        {
          "x": 84.23057556152344,
          "y": 1.5025134086608887
        },
        {
          "x": 84.24125671386719,
          "y": 1.548128604888916
        },
        {
          "x": 84.2558822631836,
          "y": 1.5896716117858887
        },
        {
          "x": 84.29347229003906,
          "y": 1.6648626327514648
        },
        {
          "x": 84.3309555053711,
          "y": 1.7184948921203613
        },
        {
          "x": 84.35343933105469,
          "y": 1.7423410415649414
        },
        {
          "x": 84.3684310913086,
          "y": 1.7660260200500488
        },
        {
          "x": 84.3834457397461,
          "y": 1.7838358879089355
        },
        {
          "x": 84.4012451171875,
          "y": 1.7975473403930664
        },
        {
          "x": 84.40864562988281,
          "y": 1.8137845993041992
        },
        {
          "x": 84.42300415039062,
          "y": 1.8291406631469727
        },
        {
          "x": 84.42587280273438,
          "y": 1.8359713554382324
        },
        {
          "x": 84.43449401855469,
          "y": 1.8377571105957031
        },
        {
          "x": 84.4316177368164,
          "y": 1.8459458351135254
        },
        {
          "x": 84.45361328125,
          "y": 1.8932232856750488
        },
        {
          "x": 84.46034240722656,
          "y": 1.9813637733459473
        }
      ]
    },
    {
      "colour": "BLACK",
      "points": [
        {
          "x": 84.17887115478516,
          "y": 1.4528918266296387
        },
        {
          "x": 84.2771987915039,
          "y": 1.556960105895996
        },
        {
          "x": 84.45600891113281,
          "y": 1.765195369720459
        },
        {
          "x": 84.60653686523438,
          "y": 1.9494857788085938
        },
        {
          "x": 84.63841247558594,
          "y": 1.9927892684936523
        },
        {
          "x": 84.69426727294922,
          "y": 2.037215232849121
        },
        {
          "x": 84.73592376708984,
          "y": 2.0617833137512207
        },
        {
          "x": 84.75981903076172,
          "y": 2.0790162086486816
        },
        {
          "x": 84.78353118896484,
          "y": 2.0920186042785645
        },
        {
          "x": 84.80937194824219,
          "y": 2.1019930839538574
        },
        {
          "x": 84.88351440429688,
          "y": 2.142202854156494
        },
        {
          "x": 84.8956298828125,
          "y": 2.153691291809082
        },
        {
          "x": 84.90264892578125,
          "y": 2.1704235076904297
        },
        {
          "x": 84.89690399169922,
          "y": 2.205389976501465
        }
      ]
    },
    {
      "colour": "BLACK",
      "points": [
        {
          "x": 83.56423950195312,
          "y": 2.188157081604004
        },
        {
          "x": 83.5993423461914,
          "y": 2.200122833251953
        },
        {
          "x": 83.66422271728516,
          "y": 2.2414088249206543
        },
        {
          "x": 83.72248077392578,
          "y": 2.2847867012023926
        },
        {
          "x": 83.76400756835938,
          "y": 2.3304800987243652
        },
        {
          "x": 83.80252075195312,
          "y": 2.3661599159240723
        },
        {
          "x": 83.83183288574219,
          "y": 2.3983073234558105
        },
        {
          "x": 83.8947982788086,
          "y": 2.4727625846862793
        },
        {
          "x": 83.92546081542969,
          "y": 2.5142436027526855
        },
        {
          "x": 83.95462799072266,
          "y": 2.544084072113037
        },
        {
          "x": 83.96121978759766,
          "y": 2.562161922454834
        },
        {
          "x": 83.97321319580078,
          "y": 2.5741562843322754
        },
        {
          "x": 83.99160766601562,
          "y": 2.6040396690368652
        },
        {
          "x": 84.00504302978516,
          "y": 2.613232135772705
        },
        {
          "x": 84.00654602050781,
          "y": 2.6218485832214355
        },
        {
          "x": 84.0151596069336,
          "y": 2.627586841583252
        },
        {
          "x": 84.01803588867188,
          "y": 2.6333374977111816
        },
        {
          "x": 84.0347671508789,
          "y": 2.6414551734924316
        },
        {
          "x": 84.06526947021484,
          "y": 2.6968512535095215
        },
        {
          "x": 84.07547760009766,
          "y": 2.756838321685791
        }
      ]
    },
    {
      "colour": "BLACK",
      "points": [
        {
          "x": 85.48856353759766,
          "y": -1.8500568866729736
        },
        {
          "x": 85.5110855102539,
          "y": -2.019167900085449
        },
        {
          "x": 85.57911682128906,
          "y": -2.264312505722046
        },
        {
          "x": 85.62108612060547,
          "y": -2.3833060264587402
        },
        {
          "x": 85.83499908447266,
          "y": -2.907470703125
        },
        {
          "x": 86.10320281982422,
          "y": -3.68845534324646
        },
        {
          "x": 86.10320281982422,
          "y": -3.7140557765960693
        }
      ]
    },
    {
      "colour": "BLACK",
      "points": [
        {
          "x": 81.33628845214844,
          "y": 1.1227631568908691
        },
        {
          "x": 81.68978881835938,
          "y": 0.6277475357055664
        },
        {
          "x": 81.82462310791016,
          "y": 0.4667363166809082
        },
        {
          "x": 81.8692626953125,
          "y": 0.39627647399902344
        },
        {
          "x": 82.07587432861328,
          "y": 0.18557357788085938
        },
        {
          "x": 82.88141632080078,
          "y": -0.4018111228942871
        },
        {
          "x": 83.2608871459961,
          "y": -0.6479620933532715
        },
        {
          "x": 83.4128646850586,
          "y": -0.770026683807373
        },
        {
          "x": 83.65914916992188,
          "y": -0.935889720916748
        },
        {
          "x": 83.73884582519531,
          "y": -1.0062646865844727
        }
      ]
    },
    {
      "colour": "BLACK",
      "points": [
        {
          "x": 81.44901275634766,
          "y": 0.8788824081420898
        },
        {
          "x": 81.34807586669922,
          "y": 1.0631904602050781
        },
        {
          "x": 81.22246551513672,
          "y": 1.241844654083252
        },
        {
          "x": 81.17938995361328,
          "y": 1.289294719696045
        },
        {
          "x": 81.08524322509766,
          "y": 1.418428897857666
        },
        {
          "x": 80.96569061279297,
          "y": 1.6105966567993164
        },
        {
          "x": 80.90337371826172,
          "y": 1.7276721000671387
        },
        {
          "x": 80.7616195678711,
          "y": 2.079367160797119
        },
        {
          "x": 80.6946792602539,
          "y": 2.198090076446533
        },
        {
          "x": 80.47137451171875,
          "y": 2.4212679862976074
        },
        {
          "x": 80.44863891601562,
          "y": 2.460606098175049
        },
        {
          "x": 80.43490600585938,
          "y": 2.4703927040100098
        },
        {
          "x": 80.43347930908203,
          "y": 2.4893393516540527
        },
        {
          "x": 80.4107437133789,
          "y": 2.514376163482666
        },
        {
          "x": 80.39179992675781,
          "y": 2.5234436988830566
        },
        {
          "x": 80.31222534179688,
          "y": 2.685819149017334
        },
        {
          "x": 80.30464172363281,
          "y": 2.720487117767334
        },
        {
          "x": 80.1536865234375,
          "y": 2.9017624855041504
        },
        {
          "x": 80.02145385742188,
          "y": 3.0291924476623535
        },
        {
          "x": 79.91106414794922,
          "y": 3.1524691581726074
        },
        {
          "x": 79.91055297851562,
          "y": 3.1752047538757324
        }
      ]
    },
    {
      "colour": "BLACK",
      "points": [
        {
          "x": 81.11555480957031,
          "y": 2.71290922164917
        },
        {
          "x": 81.00643157958984,
          "y": 2.791721820831299
        },
        {
          "x": 80.92511749267578,
          "y": 2.8654513359069824
        },
        {
          "x": 80.85030364990234,
          "y": 2.97011137008667
        },
        {
          "x": 80.83504486083984,
          "y": 3.0009989738464355
        },
        {
          "x": 80.82756805419922,
          "y": 3.0335984230041504
        },
        {
          "x": 80.82756805419922,
          "y": 3.193976879119873
        },
        {
          "x": 80.81275939941406,
          "y": 3.2733826637268066
        },
        {
          "x": 80.81240844726562,
          "y": 3.3438591957092285
        },
        {
          "x": 80.81515502929688,
          "y": 3.374992847442627
        },
        {
          "x": 80.82756805419922,
          "y": 3.398367404937744
        },
        {
          "x": 80.82756805419922,
          "y": 3.4123520851135254
        },
        {
          "x": 80.79060363769531,
          "y": 3.410142421722412
        },
        {
          "x": 80.71734619140625,
          "y": 3.411172389984131
        },
        {
          "x": 80.63954162597656,
          "y": 3.417720317840576
        },
        {
          "x": 80.59735107421875,
          "y": 3.417720317840576
        },
        {
          "x": 80.52680206298828,
          "y": 3.4404568672180176
        },
        {
          "x": 80.51399230957031,
          "y": 3.4404568672180176
        }
      ]
    },
    {
      "colour": "BLACK",
      "points": [
        {
          "x": 80.54715728759766,
          "y": 3.3116202354431152
        },
        {
          "x": 80.47895050048828,
          "y": 3.3381447792053223
        },
        {
          "x": 80.40676879882812,
          "y": 3.376223087310791
        },
        {
          "x": 80.37553405761719,
          "y": 3.3874058723449707
        },
        {
          "x": 80.33119201660156,
          "y": 3.394984722137451
        },
        {
          "x": 80.2979736328125,
          "y": 3.4025635719299316
        },
        {
          "x": 80.26709747314453,
          "y": 3.4025635719299316
        },
        {
          "x": 80.23578643798828,
          "y": 3.410142421722412
        },
        {
          "x": 80.20477294921875,
          "y": 3.4114937782287598
        },
        {
          "x": 80.17359924316406,
          "y": 3.417720317840576
        },
        {
          "x": 80.15021514892578,
          "y": 3.4252991676330566
        },
        {
          "x": 80.12275695800781,
          "y": 3.4252991676330566
        },
        {
          "x": 80.1070785522461,
          "y": 3.429347515106201
        },
        {
          "x": 80.05455017089844,
          "y": 3.470771312713623
        }
      ]
    },
    {
      "colour": "BLACK",
      "points": [
        {
          "x": 80.07728576660156,
          "y": 3.56929349899292
        },
        {
          "x": 80.04143524169922,
          "y": 3.6420140266418457
        },
        {
          "x": 80.00940704345703,
          "y": 3.6898932456970215
        },
        {
          "x": 80.00149536132812,
          "y": 3.7137064933776855
        },
        {
          "x": 79.985107421875,
          "y": 3.7372536659240723
        },
        {
          "x": 79.97118377685547,
          "y": 3.7530102729797363
        },
        {
          "x": 79.95315551757812,
          "y": 3.790100574493408
        },
        {
          "x": 79.96360778808594,
          "y": 3.819387912750244
        }
      ]
    },
    {
      "colour": "BLACK",
      "points": [
        {
          "x": 80.52442169189453,
          "y": 3.470771312713623
        },
        {
          "x": 80.56989288330078,
          "y": 3.4859280586242676
        },
        {
          "x": 80.696044921875,
          "y": 3.54191255569458
        },
        {
          "x": 80.81017303466797,
          "y": 3.588012218475342
        },
        {
          "x": 80.88121032714844,
          "y": 3.61476469039917
        },
        {
          "x": 80.9518814086914,
          "y": 3.6223435401916504
        },
        {
          "x": 81.02461242675781,
          "y": 3.592029094696045
        }
      ]
    },
    {
      "colour": "BLACK",
      "points": [
        {
          "x": 81.33533477783203,
          "y": 2.5840725898742676
        },
        {
          "x": 81.33533477783203,
          "y": 2.5840725898742676
        }
      ]
    },
    {
      "colour": "BLACK",
      "points": [
        {
          "x": 80.2629623413086,
          "y": 2.8152341842651367
        },
        {
          "x": 80.23872375488281,
          "y": 2.8459739685058594
        },
        {
          "x": 80.07421112060547,
          "y": 2.9946746826171875
        },
        {
          "x": 79.99158477783203,
          "y": 3.0586843490600586
        },
        {
          "x": 79.91268157958984,
          "y": 3.1265172958374023
        },
        {
          "x": 79.75066375732422,
          "y": 3.2437429428100586
        },
        {
          "x": 79.64613342285156,
          "y": 3.327305793762207
        },
        {
          "x": 79.59261322021484,
          "y": 3.3592758178710938
        },
        {
          "x": 79.549560546875,
          "y": 3.3924779891967773
        },
        {
          "x": 79.52067565917969,
          "y": 3.4085569381713867
        },
        {
          "x": 79.50129699707031,
          "y": 3.4279356002807617
        },
        {
          "x": 79.48162078857422,
          "y": 3.4390296936035156
        },
        {
          "x": 79.46202850341797,
          "y": 3.457895278930664
        },
        {
          "x": 79.45295715332031,
          "y": 3.4738903045654297
        },
        {
          "x": 79.43899536132812,
          "y": 3.476271629333496
        },
        {
          "x": 79.43434143066406,
          "y": 3.4855823516845703
        },
        {
          "x": 79.42339324951172,
          "y": 3.496527671813965
        },
        {
          "x": 79.38778686523438,
          "y": 3.5205392837524414
        },
        {
          "x": 79.36092376708984,
          "y": 3.5321340560913086
        },
        {
          "x": 79.35054779052734,
          "y": 3.5502700805664062
        },
        {
          "x": 79.33128356933594,
          "y": 3.560065269470215
        },
        {
          "x": 79.32261657714844,
          "y": 3.560065269470215
        }
      ]
    },
    {
      "colour": "BLACK",
      "points": [
        {
          "x": 80.0208969116211,
          "y": 3.839376449584961
        },
        {
          "x": 79.98748016357422,
          "y": 3.824583053588867
        },
        {
          "x": 79.9425048828125,
          "y": 3.81414794921875
        },
        {
          "x": 79.87577819824219,
          "y": 3.7947511672973633
        },
        {
          "x": 79.8019790649414,
          "y": 3.766404151916504
        },
        {
          "x": 79.74152374267578,
          "y": 3.7462425231933594
        },
        {
          "x": 79.71263885498047,
          "y": 3.7452621459960938
        },
        {
          "x": 79.66075134277344,
          "y": 3.727651596069336
        },
        {
          "x": 79.6439208984375,
          "y": 3.727651596069336
        },
        {
          "x": 79.63916778564453,
          "y": 3.73696231842041
        }
      ]
    }
  ],
  "labels": [
    {
      "location": {
        "x": 84.73632049560547,
        "y": 2.6231136322021484
      },
      "text": "hole to lower level",
      "colour": "BLACK",
      "size": 0.37893107533454895
    },
    {
      "location": {
        "x": 86.44908905029297,
        "y": -0.0976114273071289
      },
      "text": "",
      "colour": "BLACK",
      "size": 0.37893107533454895
    },
    {
      "location": {
        "x": 85.2668228149414,
        "y": -2.9433841705322266
      },
      "text": "Winze with handline",
      "colour": "BLACK",
      "size": 0.37893107533454895
    },
    {
      "location": {
        "x": 78.5124282836914,
        "y": 3.675394058227539
      },
      "text": "Dig?",
      "colour": "BLACK",
      "size": 0.37893107533454895
    }
  ],
  "symbols": [],
  "x-sections": []
}