{
  "paths": [
    {
      "colour": "BLUE",
      "points": [
        {
          "x": 2.828620433807373,
          "y": -2.75303316116333
        }
      ]
    },
    {
      "colour": "BLUE",
      "points": [
        {
          "x": 2.5529708862304688,
          "y": 3.720792055130005
        },
        {
          "x": 2.5087523460388184,
          "y": 3.6844494342803955
        },
        {
          "x": 2.4641880989074707,
          "y": 3.6563527584075928
        },
        {
          "x": 2.4173765182495117,
          "y": 3.633021116256714
        },
        {
          "x": 2.3693394660949707,
          "y": 3.617577314376831
        },
        {
          "x": 2.3211870193481445,
          "y": 3.61053204536438
        },
        {
          "x": 2.266824245452881,
          "y": 3.61053204536438
        },
        {
          "x": 2.210543632507324,
          "y": 3.602656602859497
        },
        {
          "x": 1.92820405960083,
          "y": 3.602656602859497
        },
        {
          "x": 1.8986082077026367,
          "y": 3.61053204536438
        },
        {
          "x": 1.866748332977295,
          "y": 3.61053204536438
        },
        {
          "x": 1.8513460159301758,
          "y": 3.618407964706421
        },
        {
          "x": 1.8270277976989746,
          "y": 3.6427242755889893
        },
        {
          "x": 1.804171085357666,
          "y": 3.6420347690582275
        },
        {
          "x": 1.7882089614868164,
          "y": 3.6507298946380615
        },
        {
          "x": 1.7641687393188477,
          "y": 3.6499106884002686
        },
        {
          "x": 1.753587245941162,
          "y": 3.661724328994751
        },
        {
          "x": 1.7496495246887207,
          "y": 3.6577866077423096
        },
        {
          "x": 1.7414140701293945,
          "y": 3.6660215854644775
        },
        {
          "x": 1.7256793975830078,
          "y": 3.6738808155059814
        },
        {
          "x": 1.7093963623046875,
          "y": 3.6735379695892334
        },
        {
          "x": 1.6937713623046875,
          "y": 3.681413412094116
        },
        {
          "x": 1.6354517936706543,
          "y": 3.681413412094116
        },
        {
          "x": 1.6277565956115723,
          "y": 3.6930463314056396
        },
        {
          "x": 1.631514072418213,
          "y": 3.69716477394104
        },
        {
          "x": 1.615762710571289,
          "y": 3.69716477394104
        }
      ]
    },
    {
      "colour": "BLUE",
      "points": [
        {
          "x": 2.1670618057250977,
          "y": 3.4293911457061768
        },
        {
          "x": 2.094987392425537,
          "y": 3.3970930576324463
        },
        {
          "x": 2.0158815383911133,
          "y": 3.380253553390503
        },
        {
          "x": 1.9269285202026367,
          "y": 3.3932812213897705
        },
        {
          "x": 1.8013315200805664,
          "y": 3.4282844066619873
        },
        {
          "x": 1.5097498893737793,
          "y": 3.4975783824920654
        },
        {
          "x": 1.2621674537658691,
          "y": 3.5489399433135986
        },
        {
          "x": 1.1214394569396973,
          "y": 3.5856196880340576
        },
        {
          "x": 0.9994559288024902,
          "y": 3.6248157024383545
        },
        {
          "x": 0.9124636650085449,
          "y": 3.6450536251068115
        },
        {
          "x": 0.8204288482666016,
          "y": 3.6499106884002686
        },
        {
          "x": 0.6518025398254395,
          "y": 3.6499106884002686
        },
        {
          "x": 0.6470515727996826,
          "y": 3.6341593265533447
        },
        {
          "x": 0.6549272537231445,
          "y": 3.618407964706421
        }
      ]
    }
  ],
  "labels": [],
  "symbols": [],
  "x-sections": []
}