{
  "sexyTopoVersionName": "1.7.0",
  "sexyTopoVersionCode": 72,
  "name": "Pell",
  "stations": [
    {
      "name": "1",
      "eeDirection": "right",
      "comment": "",
      "legs": [
        {
          "distance": 2.2709999084472656,
          "azimuth": 62.940673828125,
          "inclination": 7.4212646484375,
          "destination": "-",
          "wasShotBackwards": false,
          "index": 0,
          "promotedFrom": []
        },
        {
          "distance": 1.8420000076293945,
          "azimuth": 53.536376953125,
          "inclination": 57.7935791015625,
          "destination": "-",
          "wasShotBackwards": false,
          "index": 1,
          "promotedFrom": []
        },
        {
          "distance": 1.8070000410079956,
          "azimuth": 56.876220703125,
          "inclination": -26.65283203125,
          "destination": "-",
          "wasShotBackwards": false,
          "index": 2,
          "promotedFrom": []
        },
        {
          "distance": 2.4489998817443848,
          "azimuth": 4.2242431640625,
          "inclination": 10.360107421875,
          "destination": "-",
          "wasShotBackwards": false,
          "index": 3,
          "promotedFrom": []
        },
        {
          "distance": 2.811000108718872,
          "azimuth": 128.1170654296875,
          "inclination": 3.8232421875,
          "destination": "-",
          "wasShotBackwards": false,
          "index": 4,
          "promotedFrom": []
        },
        {
          "distance": 0.28999999165534973,
          "azimuth": 254.915771484375,
          "inclination": 19.09423828125,
          "destination": "-",
          "wasShotBackwards": false,
          "index": 5,
          "promotedFrom": []
        },
        {
          "distance": 3.313999891281128,
          "azimuth": 111.8353271484375,
          "inclination": -5.5316162109375,
          "destination": "-",
          "wasShotBackwards": false,
          "index": 6,
          "promotedFrom": []
        },
        {
          "distance": 3.1019999980926514,
          "azimuth": 126.3372802734375,
          "inclination": -1.021728515625,
          "destination": "-",
          "wasShotBackwards": false,
          "index": 7,
          "promotedFrom": []
        },
        {
          "distance": 5.709000110626221,
          "azimuth": 126.6778564453125,
          "inclination": -3.5980224609375,
          "destination": "-",
          "wasShotBackwards": false,
          "index": 8,
          "promotedFrom": []
        },
        {
          "distance": 5.702000141143799,
          "azimuth": 126.45263671875,
          "inclination": -3.5101318359375,
          "destination": "-",
          "wasShotBackwards": false,
          "index": 9,
          "promotedFrom": []
        }
      ]
    }
  ]
}